<?xml version="1.0" encoding="UTF-8"?>
<project-private xmlns="http://www.netbeans.org/ns/project-private/1">
    <editor-bookmarks xmlns="http://www.netbeans.org/ns/editor-bookmarks/2" lastBookmarkId="0"/>
    <open-files xmlns="http://www.netbeans.org/ns/projectui-open-files/2">
        <group>
            <file>file:/C:/Users/sipot/Desktop/NCCOOP/Lab2/src/books/Biography.java</file>
            <file>file:/C:/Users/sipot/Desktop/NCCOOP/Lab2/src/books/Author.java</file>
            <file>file:/C:/Users/sipot/Desktop/NCCOOP/Lab2/src/books/Books.java</file>
            <file>file:/C:/Users/sipot/Desktop/NCCOOP/Lab2/src/books/Novel.java</file>
            <file>file:/C:/Users/sipot/Desktop/NCCOOP/Lab2/src/books/Textbook.java</file>
            <file>file:/C:/Users/sipot/Desktop/NCCOOP/Lab2/src/books/TestBooks.java</file>
        </group>
    </open-files>
</project-private>
