<?xml version="1.0" encoding="UTF-8"?>
<project-private xmlns="http://www.netbeans.org/ns/project-private/1">
    <editor-bookmarks xmlns="http://www.netbeans.org/ns/editor-bookmarks/2" lastBookmarkId="0"/>
    <open-files xmlns="http://www.netbeans.org/ns/projectui-open-files/2">
        <group>
            <file>file:/C:/Users/sipot/Desktop/NCCOOP/JColorChooser/src/colorchooser/ColorLabel.java</file>
            <file>file:/C:/Users/sipot/Desktop/NCCOOP/JColorChooser/src/colorchooser/ColorChangeListener.java</file>
            <file>file:/C:/Users/sipot/Desktop/NCCOOP/JColorChooser/src/colorchooser/ColorListener.java</file>
            <file>file:/C:/Users/sipot/Desktop/NCCOOP/JColorChooser/src/colorchooser/ColorCanvas.java</file>
            <file>file:/C:/Users/sipot/Desktop/NCCOOP/JColorChooser/src/colorchooser/TestColorChooser.java</file>
            <file>file:/C:/Users/sipot/Desktop/NCCOOP/JColorChooser/src/colorchooser/ColorChooser.java</file>
            <file>file:/C:/Users/sipot/Desktop/NCCOOP/JColorChooser/src/colorchooser/JColorChooser.java</file>
            <file>file:/C:/Users/sipot/Desktop/NCCOOP/JColorChooser/src/colorchooser/ColorEvent.java</file>
            <file>file:/C:/Users/sipot/Desktop/NCCOOP/JColorChooser/src/colorchooser/IntegerTextField.java</file>
        </group>
    </open-files>
</project-private>
